"ct","med","ciL","ciU","group"
1,2.24326993412424e-47,1.58157746121732e-57,5.79486035297776e-39,"pI"
2,5.94221042869344e-28,8.78612823029788e-34,4.31458083138454e-23,"pI"
3,3.97017034745659e-19,5.37468989624898e-23,6.97893543169996e-16,"pI"
4,5.72215864128007e-14,1.07597953872218e-16,1.14856707843301e-11,"pI"
5,1.39427084930943e-10,1.44337111064163e-12,6.56017500743738e-09,"pI"
6,3.35242654698767e-08,1.14982121151352e-09,5.65553911376223e-07,"pI"
7,1.85955783655815e-06,1.52194466472518e-07,1.46572114072916e-05,"pI"
8,3.86219905608584e-05,6.02550005705656e-06,0.000175439073463603,"pI"
9,0.000397288520525787,0.00010182984083085,0.00119424133138625,"pI"
10,0.0024355887844196,0.000922634700470822,0.00542123726418926,"pI"
11,0.0101562845336637,0.00514369985769349,0.0177547788879093,"pI"
12,0.0313593978580237,0.0197274236300492,0.0458530356564964,"pI"
13,0.0761690830042107,0.0564471984584927,0.0971065514550115,"pI"
14,0.152667889351859,0.12773708043044,0.177177386851628,"pI"
15,0.262609772766521,0.23699420219844,0.288155992330359,"pI"
16,0.397776291872294,0.36615586398782,0.431928340731747,"pI"
17,0.543316792486832,0.496575631521087,0.598329069860541,"pI"
18,0.680440964287655,0.616875848733895,0.760744548871745,"pI"
19,0.794459382340428,0.717650537016267,0.888927016458064,"pI"
20,0.873704801210384,0.791683984497538,0.969132434228821,"pI"
21,0.913205183099733,0.837034387420497,0.995010926338976,"pI"
22,0.914207011705111,0.852746234854144,0.976320696645422,"pI"
23,0.88210952959392,0.836173703697969,0.927980302409592,"pI"
24,0.825934933510986,0.776482766533397,0.869378688504258,"pI"
25,0.753915736680887,0.680696466744477,0.80878698513697,"pI"
26,0.67228709706769,0.575020363654987,0.746299871824354,"pI"
27,0.588046098661552,0.473426687696579,0.679451555128589,"pI"
28,0.505506860229482,0.380889821646624,0.610799171460566,"pI"
29,0.427196117556354,0.30098815116538,0.543617194653278,"pI"
30,0.356637701639553,0.233870210795404,0.478246073423009,"pI"
31,0.294120132896894,0.179277172749536,0.417997554841923,"pI"
32,0.239891063206373,0.134908573751149,0.360455718326796,"pI"
33,0.194113669880709,0.10057093097177,0.30861702779877,"pI"
34,0.155444526904076,0.0741222231248855,0.263336265957628,"pI"
35,0.123574415246475,0.0540685003650944,0.222735611486702,"pI"
36,0.0974858629689477,0.0391633305754164,0.188175419142922,"pI"
37,0.0765230648389122,0.0281256609183487,0.157666995151986,"pI"
38,0.059674939170983,0.0200025935467409,0.13136350019765,"pI"
39,0.0463354219953187,0.0141641678474771,0.108691151380069,"pI"
40,0.0358150752162081,0.00994792322156044,0.0896621764552678,"pI"
41,0,0,0,"pI"
42,0,0,0,"pI"
43,0,0,0,"pI"
44,0,0,0,"pI"
45,0,0,0,"pI"
1,0,0,0,"pEnv"
2,1.42058563758925e-272,1.18458155923098e-307,4.2764909060158e-243,"pEnv"
3,4.05127860885401e-203,2.53541146283841e-229,4.30766963231359e-181,"pEnv"
4,5.02695773765273e-160,1.01344548641457e-180,1.36272326876535e-142,"pEnv"
5,3.63565027329332e-130,5.38832874347238e-147,6.64346012763129e-116,"pEnv"
6,4.79434355874211e-108,4.63270839773427e-122,3.19376573735307e-96,"pEnv"
7,5.84007036986057e-91,8.5976119183929e-103,5.52961085323347e-81,"pEnv"
8,2.32947157135482e-77,1.9038801118912e-87,7.5337688267476e-69,"pEnv"
9,2.793743472719e-66,6.30213029485394e-75,5.88475130234373e-59,"pEnv"
10,4.22048237309369e-57,1.52185286035586e-64,8.56855701692152e-51,"pEnv"
11,2.18080220068494e-49,7.94638043009018e-56,6.37282545326803e-44,"pEnv"
12,7.71031674719686e-43,1.92755761539906e-48,4.34115945222521e-38,"pEnv"
13,3.16553527262396e-37,4.06955111546857e-42,4.38576378364066e-33,"pEnv"
14,2.20886221511578e-32,1.18275440709568e-36,9.10791336952045e-29,"pEnv"
15,3.5247583145714e-28,6.45030867414741e-32,5.07873809547968e-25,"pEnv"
16,1.62042892050448e-24,8.82528175720404e-28,9.18397126839503e-22,"pEnv"
17,2.58622258194943e-21,3.71517267739053e-24,6.53325570470158e-19,"pEnv"
18,1.67517361598104e-18,5.52967108387368e-21,2.06907246148724e-16,"pEnv"
19,4.99380198146395e-16,3.49629921953518e-18,3.26437657552071e-14,"pEnv"
20,7.51679570715977e-14,1.01730503825662e-15,2.82292356734537e-12,"pEnv"
21,6.23720267538838e-12,1.5442356481786e-13,1.43013437910947e-10,"pEnv"
22,3.09878886515089e-10,1.27412693965985e-11,4.49274301631318e-09,"pEnv"
23,9.65255908262936e-09,6.25923972562493e-10,9.55175817087148e-08,"pEnv"
24,1.98751853518697e-07,1.95311833511449e-08,1.39320203087886e-06,"pEnv"
25,2.85046379794103e-06,3.94354222555493e-07,1.47493454585219e-05,"pEnv"
26,2.93408115191869e-05,5.57664796484454e-06,0.000116675538182144,"pEnv"
27,0.000224758899873407,5.60828806374552e-05,0.000710560855923563,"pEnv"
28,0.00132135915621087,0.000418566183349359,0.0033886402216057,"pEnv"
29,0.00608679937194995,0.00238404605965164,0.0130587094298726,"pEnv"
30,0.0225130161595227,0.0106591063716971,0.041471421569138,"pEnv"
31,0.0682384654646872,0.0379029860238059,0.10997941135486,"pEnv"
32,0.172622729929507,0.109402769042899,0.248488508750584,"pEnv"
33,0.370402942507932,0.263567461400781,0.485197755294966,"pEnv"
34,0.681931233692359,0.532922120171345,0.82651006369667,"pEnv"
35,1.09160795595698,0.916360202697593,1.25182175014619,"pEnv"
36,1.5364218467417,1.36072195323581,1.69155950626665,"pEnv"
37,1.92161601450486,1.76347769848015,2.06195769275638,"pEnv"
38,2.15487215522806,2.02117280438184,2.28419797336327,"pEnv"
39,2.18692602847945,2.0677805751652,2.30468925696095,"pEnv"
40,2.0223230275949,1.91874966094547,2.12993088525559,"pEnv"
41,1.71438501645615,1.62506296719203,1.80709295080443,"pEnv"
42,1.34157642883949,1.26149318114209,1.42205565425415,"pEnv"
43,0.975258142253241,0.898740314400025,1.04873297544968,"pEnv"
44,0.661412329799843,0.590916112777771,0.729806232711494,"pEnv"
45,0.420709911729415,0.36017569639571,0.481798391772822,"pEnv"
1,2.24326993412424e-47,1.58157746121732e-57,5.79486035297776e-39,"pAll"
2,5.94221042869344e-28,8.78612823029788e-34,4.31458083138454e-23,"pAll"
3,3.97017034745659e-19,5.37468989624898e-23,6.97893543169996e-16,"pAll"
4,5.72215864128007e-14,1.07597953872218e-16,1.14856707843301e-11,"pAll"
5,1.39427084930943e-10,1.44337111064163e-12,6.56017500743738e-09,"pAll"
6,3.35242654698767e-08,1.14982121151352e-09,5.65553911376223e-07,"pAll"
7,1.85955783655815e-06,1.52194466472518e-07,1.46572114072916e-05,"pAll"
8,3.86219905608584e-05,6.02550005705656e-06,0.000175439073463603,"pAll"
9,0.000397288520525787,0.00010182984083085,0.00119424133138625,"pAll"
10,0.0024355887844196,0.000922634700470822,0.00542123726418926,"pAll"
11,0.0101562845336637,0.00514369985769349,0.0177547788879093,"pAll"
12,0.0313593978580237,0.0197274236300492,0.0458530356564964,"pAll"
13,0.0761690830042107,0.0564471984584927,0.0971065514550115,"pAll"
14,0.152667889351859,0.12773708043044,0.177177386851628,"pAll"
15,0.262609772766521,0.23699420219844,0.288155992330359,"pAll"
16,0.397776291872294,0.36615586398782,0.431928340731747,"pAll"
17,0.543316792486832,0.496575631521087,0.598329069860541,"pAll"
18,0.680440964287655,0.616875848733895,0.760744548871745,"pAll"
19,0.794459382340429,0.717650537016267,0.888927016458065,"pAll"
20,0.873704801210943,0.791683984497588,0.969132434229218,"pAll"
21,0.913205183109955,0.837034387422493,0.995010926345348,"pAll"
22,0.914207011984637,0.852746234863862,0.976320697516016,"pAll"
23,0.882109537788172,0.836173710913431,0.927980379730072,"pAll"
24,0.82593504966169,0.776484284930669,0.869378725673091,"pAll"
25,0.75392089642137,0.680702662271786,0.808788602329508,"pAll"
26,0.672312193969779,0.575153680475147,0.746318696192372,"pAll"
27,0.588308222483084,0.473865348043739,0.67953474077958,"pAll"
28,0.5068701877546,0.384058887733831,0.611181888913545,"pAll"
29,0.433769109431368,0.312962141526133,0.546556224768062,"pAll"
30,0.379497355251951,0.270482358407425,0.49154859326185,"pAll"
31,0.363712397256032,0.279787285674752,0.460472339546719,"pAll"
32,0.415086445258255,0.355285882155153,0.487901400404237,"pAll"
33,0.567961574482138,0.512370417193472,0.625929108902489,"pAll"
34,0.840255253031159,0.761141094492826,0.923844768051124,"pAll"
35,1.21703905306949,1.1147544599486,1.32086938107452,"pAll"
36,1.6355704132354,1.52402063359228,1.74563927941245,"pAll"
37,2.00014140940367,1.89163745796994,2.11198992945547,"pAll"
38,2.21778841466962,2.10656835004519,2.33590137530871,"pAll"
39,2.23704670387628,2.12457110851942,2.35685221590534,"pAll"
40,2.06082776275972,1.95763877675999,2.17447946135223,"pAll"
41,1.71438501645615,1.62506296719203,1.80709295080443,"pAll"
42,1.34157642883949,1.26149318114209,1.42205565425415,"pAll"
43,0.975258142253241,0.898740314400025,1.04873297544968,"pAll"
44,0.661412329799843,0.590916112777771,0.729806232711494,"pAll"
45,0.420709911729415,0.36017569639571,0.481798391772822,"pAll"
